{
  "user": [
    {
      "id": 1,
      "name": "bhavin d patel",
      "address": "Maninagar East",
      "email": "abc@gmail.com",
      "contact": "9874561230",
      "password": "abc@123"
    },
    {
      "id": 2,
      "name": "diya",
      "address": "C.T.M.",
      "email": "abc1@gmail.com",
      "contact": "7845120963",
      "password": "abc@12345"
    },
    {
      "id": 3,
      "name": "Alok Tiwari",
      "address": "Up ke Bhiya",
      "email": "mithu@gmail.com",
      "contact": "8745120369",
      "password": "abc@123"
    }
  ]
}